Date	Company Code	Company Name	Stock Price
1959-01-31	US2MVHW	UnitedHealth Group Inc.	102.67
1959-02-28	US2MVHW	UnitedHealth Group Inc.	101.21
1959-03-31	US2MVHW	UnitedHealth Group Inc.	100.59
1959-04-30	US2MVHW	UnitedHealth Group Inc.	95.46
1959-05-31	US2MVHW	UnitedHealth Group Inc.	94.0
1959-06-30	US2MVHW	UnitedHealth Group Inc.	100.83
1959-07-31	US2MVHW	UnitedHealth Group Inc.	98.39
1959-08-31	US2MVHW	UnitedHealth Group Inc.	97.65
1959-09-30	US2MVHW	UnitedHealth Group Inc.	104.74
1959-10-31	US2MVHW	UnitedHealth Group Inc.	110.6
1959-11-30	US2MVHW	UnitedHealth Group Inc.	112.16
1959-12-31	US2MVHW	UnitedHealth Group Inc.	109.29
1960-01-31	US2MVHW	UnitedHealth Group Inc.	102.83
1960-02-29	US2MVHW	UnitedHealth Group Inc.	103.47
1960-03-31	US2MVHW	UnitedHealth Group Inc.	98.58
1960-04-30	US2MVHW	UnitedHealth Group Inc.	94.4
1960-05-31	US2MVHW	UnitedHealth Group Inc.	93.44
1960-06-30	US2MVHW	UnitedHealth Group Inc.	94.88
1960-07-31	US2MVHW	UnitedHealth Group Inc.	93.09
1960-08-31	US2MVHW	UnitedHealth Group Inc.	90.78
1960-09-30	US2MVHW	UnitedHealth Group Inc.	88.95
1960-10-31	US2MVHW	UnitedHealth Group Inc.	89.93
1960-11-30	US2MVHW	UnitedHealth Group Inc.	86.65
1960-12-31	US2MVHW	UnitedHealth Group Inc.	93.44
1961-01-31	US2MVHW	UnitedHealth Group Inc.	97.48
1961-02-28	US2MVHW	UnitedHealth Group Inc.	95.13
1961-03-31	US2MVHW	UnitedHealth Group Inc.	92.37
1961-04-30	US2MVHW	UnitedHealth Group Inc.	97.54
1961-05-31	US2MVHW	UnitedHealth Group Inc.	94.48
1961-06-30	US2MVHW	UnitedHealth Group Inc.	90.56
1961-07-31	US2MVHW	UnitedHealth Group Inc.	93.57
1961-08-31	US2MVHW	UnitedHealth Group Inc.	93.19
1961-09-30	US2MVHW	UnitedHealth Group Inc.	93.53
1961-10-31	US2MVHW	UnitedHealth Group Inc.	100.01
1961-11-30	US2MVHW	UnitedHealth Group Inc.	103.7
1961-12-31	US2MVHW	UnitedHealth Group Inc.	104.22
1962-01-31	US2MVHW	UnitedHealth Group Inc.	106.88
1962-02-28	US2MVHW	UnitedHealth Group Inc.	106.85
1962-03-31	US2MVHW	UnitedHealth Group Inc.	102.07
1962-04-30	US2MVHW	UnitedHealth Group Inc.	106.23
1962-05-31	US2MVHW	UnitedHealth Group Inc.	106.58
1962-06-30	US2MVHW	UnitedHealth Group Inc.	103.81
1962-07-31	US2MVHW	UnitedHealth Group Inc.	108.59
1962-08-31	US2MVHW	UnitedHealth Group Inc.	114.91
1962-09-30	US2MVHW	UnitedHealth Group Inc.	112.41
1962-10-31	US2MVHW	UnitedHealth Group Inc.	112.98
1962-11-30	US2MVHW	UnitedHealth Group Inc.	114.55
1962-12-31	US2MVHW	UnitedHealth Group Inc.	116.49
1963-01-31	US2MVHW	UnitedHealth Group Inc.	113.18
1963-02-28	US2MVHW	UnitedHealth Group Inc.	106.69
1963-03-31	US2MVHW	UnitedHealth Group Inc.	103.52
1963-04-30	US2MVHW	UnitedHealth Group Inc.	104.36
1963-05-31	US2MVHW	UnitedHealth Group Inc.	99.14
1963-06-30	US2MVHW	UnitedHealth Group Inc.	98.15
1963-07-31	US2MVHW	UnitedHealth Group Inc.	98.39
1963-08-31	US2MVHW	UnitedHealth Group Inc.	96.15
1963-09-30	US2MVHW	UnitedHealth Group Inc.	98.82
1963-10-31	US2MVHW	UnitedHealth Group Inc.	95.95
1963-11-30	US2MVHW	UnitedHealth Group Inc.	96.09
1963-12-31	US2MVHW	UnitedHealth Group Inc.	93.59
1964-01-31	US2MVHW	UnitedHealth Group Inc.	101.47
1964-02-29	US2MVHW	UnitedHealth Group Inc.	106.65
1964-03-31	US2MVHW	UnitedHealth Group Inc.	110.63
1964-04-30	US2MVHW	UnitedHealth Group Inc.	108.74
1964-05-31	US2MVHW	UnitedHealth Group Inc.	110.67
1964-06-30	US2MVHW	UnitedHealth Group Inc.	114.73
1964-07-31	US2MVHW	UnitedHealth Group Inc.	112.44
1964-08-31	US2MVHW	UnitedHealth Group Inc.	116.12
1964-09-30	US2MVHW	UnitedHealth Group Inc.	118.29
1964-10-31	US2MVHW	UnitedHealth Group Inc.	123.86
1964-11-30	US2MVHW	UnitedHealth Group Inc.	120.72
1964-12-31	US2MVHW	UnitedHealth Group Inc.	116.84
1965-01-31	US2MVHW	UnitedHealth Group Inc.	119.32
1965-02-28	US2MVHW	UnitedHealth Group Inc.	121.9
1965-03-31	US2MVHW	UnitedHealth Group Inc.	121.29
1965-04-30	US2MVHW	UnitedHealth Group Inc.	124.29
1965-05-31	US2MVHW	UnitedHealth Group Inc.	126.15
1965-06-30	US2MVHW	UnitedHealth Group Inc.	128.73
1965-07-31	US2MVHW	UnitedHealth Group Inc.	131.6
1965-08-31	US2MVHW	UnitedHealth Group Inc.	126.48
1965-09-30	US2MVHW	UnitedHealth Group Inc.	120.58
1965-10-31	US2MVHW	UnitedHealth Group Inc.	113.93
1965-11-30	US2MVHW	UnitedHealth Group Inc.	115.41
1965-12-31	US2MVHW	UnitedHealth Group Inc.	114.63
1966-01-31	US2MVHW	UnitedHealth Group Inc.	109.64
1966-02-28	US2MVHW	UnitedHealth Group Inc.	104.26
1966-03-31	US2MVHW	UnitedHealth Group Inc.	105.95
1966-04-30	US2MVHW	UnitedHealth Group Inc.	107.44
1966-05-31	US2MVHW	UnitedHealth Group Inc.	103.64
1966-06-30	US2MVHW	UnitedHealth Group Inc.	99.48
1966-07-31	US2MVHW	UnitedHealth Group Inc.	104.15
1966-08-31	US2MVHW	UnitedHealth Group Inc.	107.71
1966-09-30	US2MVHW	UnitedHealth Group Inc.	114.47
1966-10-31	US2MVHW	UnitedHealth Group Inc.	111.52
1966-11-30	US2MVHW	UnitedHealth Group Inc.	108.05
1966-12-31	US2MVHW	UnitedHealth Group Inc.	107.67
1967-01-31	US2MVHW	UnitedHealth Group Inc.	100.33
1967-02-28	US2MVHW	UnitedHealth Group Inc.	98.84
1967-03-31	US2MVHW	UnitedHealth Group Inc.	95.07
1967-04-30	US2MVHW	UnitedHealth Group Inc.	91.95
1967-05-31	US2MVHW	UnitedHealth Group Inc.	86.6
1967-06-30	US2MVHW	UnitedHealth Group Inc.	93.18
1967-07-31	US2MVHW	UnitedHealth Group Inc.	99.62
1967-08-31	US2MVHW	UnitedHealth Group Inc.	95.91
1967-09-30	US2MVHW	UnitedHealth Group Inc.	100.08
1967-10-31	US2MVHW	UnitedHealth Group Inc.	106.61
1967-11-30	US2MVHW	UnitedHealth Group Inc.	104.72
1967-12-31	US2MVHW	UnitedHealth Group Inc.	103.97
1968-01-31	US2MVHW	UnitedHealth Group Inc.	109.21
1968-02-29	US2MVHW	UnitedHealth Group Inc.	109.97
1968-03-31	US2MVHW	UnitedHealth Group Inc.	108.24
1968-04-30	US2MVHW	UnitedHealth Group Inc.	107.99
1968-05-31	US2MVHW	UnitedHealth Group Inc.	112.39
1968-06-30	US2MVHW	UnitedHealth Group Inc.	103.84
1968-07-31	US2MVHW	UnitedHealth Group Inc.	100.09
1968-08-31	US2MVHW	UnitedHealth Group Inc.	104.49
1968-09-30	US2MVHW	UnitedHealth Group Inc.	100.51
1968-10-31	US2MVHW	UnitedHealth Group Inc.	105.94
1968-11-30	US2MVHW	UnitedHealth Group Inc.	105.48
1968-12-31	US2MVHW	UnitedHealth Group Inc.	107.91
1969-01-31	US2MVHW	UnitedHealth Group Inc.	109.07
1969-02-28	US2MVHW	UnitedHealth Group Inc.	108.71
1969-03-31	US2MVHW	UnitedHealth Group Inc.	109.09
1969-04-30	US2MVHW	UnitedHealth Group Inc.	113.5
1969-05-31	US2MVHW	UnitedHealth Group Inc.	106.95
1969-06-30	US2MVHW	UnitedHealth Group Inc.	102.34
1969-07-31	US2MVHW	UnitedHealth Group Inc.	102.66
1969-08-31	US2MVHW	UnitedHealth Group Inc.	105.1
1969-09-30	US2MVHW	UnitedHealth Group Inc.	103.7
1969-10-31	US2MVHW	UnitedHealth Group Inc.	106.63
1969-11-30	US2MVHW	UnitedHealth Group Inc.	110.34
1969-12-31	US2MVHW	UnitedHealth Group Inc.	110.98
1970-01-31	US2MVHW	UnitedHealth Group Inc.	114.19
1970-02-28	US2MVHW	UnitedHealth Group Inc.	117.69
1970-03-31	US2MVHW	UnitedHealth Group Inc.	114.89
1970-04-30	US2MVHW	UnitedHealth Group Inc.	115.35
1970-05-31	US2MVHW	UnitedHealth Group Inc.	124.06
1970-06-30	US2MVHW	UnitedHealth Group Inc.	121.7
1970-07-31	US2MVHW	UnitedHealth Group Inc.	121.27
1970-08-31	US2MVHW	UnitedHealth Group Inc.	119.96
1970-09-30	US2MVHW	UnitedHealth Group Inc.	121.56
1970-10-31	US2MVHW	UnitedHealth Group Inc.	118.61
1970-11-30	US2MVHW	UnitedHealth Group Inc.	112.82
1970-12-31	US2MVHW	UnitedHealth Group Inc.	109.06
1971-01-31	US2MVHW	UnitedHealth Group Inc.	110.96
1971-02-28	US2MVHW	UnitedHealth Group Inc.	110.71
1971-03-31	US2MVHW	UnitedHealth Group Inc.	111.13
1971-04-30	US2MVHW	UnitedHealth Group Inc.	113.0
1971-05-31	US2MVHW	UnitedHealth Group Inc.	111.22
1971-06-30	US2MVHW	UnitedHealth Group Inc.	111.08
1971-07-31	US2MVHW	UnitedHealth Group Inc.	113.6
1971-08-31	US2MVHW	UnitedHealth Group Inc.	114.25
1971-09-30	US2MVHW	UnitedHealth Group Inc.	114.15
1971-10-31	US2MVHW	UnitedHealth Group Inc.	116.33
1971-11-30	US2MVHW	UnitedHealth Group Inc.	119.57
1971-12-31	US2MVHW	UnitedHealth Group Inc.	118.73
1972-01-31	US2MVHW	UnitedHealth Group Inc.	111.85
1972-02-29	US2MVHW	UnitedHealth Group Inc.	118.45
1972-03-31	US2MVHW	UnitedHealth Group Inc.	124.67
1972-04-30	US2MVHW	UnitedHealth Group Inc.	128.24
1972-05-31	US2MVHW	UnitedHealth Group Inc.	127.86
1972-06-30	US2MVHW	UnitedHealth Group Inc.	129.27
1972-07-31	US2MVHW	UnitedHealth Group Inc.	125.94
1972-08-31	US2MVHW	UnitedHealth Group Inc.	126.47
1972-09-30	US2MVHW	UnitedHealth Group Inc.	130.58
1972-10-31	US2MVHW	UnitedHealth Group Inc.	134.1
1972-11-30	US2MVHW	UnitedHealth Group Inc.	136.8
1972-12-31	US2MVHW	UnitedHealth Group Inc.	141.97
1973-01-31	US2MVHW	UnitedHealth Group Inc.	139.68
1973-02-28	US2MVHW	UnitedHealth Group Inc.	138.97
1973-03-31	US2MVHW	UnitedHealth Group Inc.	135.26
1973-04-30	US2MVHW	UnitedHealth Group Inc.	128.34
1973-05-31	US2MVHW	UnitedHealth Group Inc.	125.15
1973-06-30	US2MVHW	UnitedHealth Group Inc.	119.89
1973-07-31	US2MVHW	UnitedHealth Group Inc.	117.38
1973-08-31	US2MVHW	UnitedHealth Group Inc.	114.25
1973-09-30	US2MVHW	UnitedHealth Group Inc.	112.64
1973-10-31	US2MVHW	UnitedHealth Group Inc.	118.42
1973-11-30	US2MVHW	UnitedHealth Group Inc.	116.06
1973-12-31	US2MVHW	UnitedHealth Group Inc.	114.68
1974-01-31	US2MVHW	UnitedHealth Group Inc.	111.23
1974-02-28	US2MVHW	UnitedHealth Group Inc.	102.96
1974-03-31	US2MVHW	UnitedHealth Group Inc.	107.79
1974-04-30	US2MVHW	UnitedHealth Group Inc.	105.48
1974-05-31	US2MVHW	UnitedHealth Group Inc.	101.45
1974-06-30	US2MVHW	UnitedHealth Group Inc.	100.88
1974-07-31	US2MVHW	UnitedHealth Group Inc.	100.99
1974-08-31	US2MVHW	UnitedHealth Group Inc.	97.18
1974-09-30	US2MVHW	UnitedHealth Group Inc.	89.99
1974-10-31	US2MVHW	UnitedHealth Group Inc.	82.22
1974-11-30	US2MVHW	UnitedHealth Group Inc.	79.39
1974-12-31	US2MVHW	UnitedHealth Group Inc.	81.74
1975-01-31	US2MVHW	UnitedHealth Group Inc.	75.9
1975-02-28	US2MVHW	UnitedHealth Group Inc.	79.86
1975-03-31	US2MVHW	UnitedHealth Group Inc.	79.93
1975-04-30	US2MVHW	UnitedHealth Group Inc.	71.71
1975-05-31	US2MVHW	UnitedHealth Group Inc.	68.53
1975-06-30	US2MVHW	UnitedHealth Group Inc.	69.06
1975-07-31	US2MVHW	UnitedHealth Group Inc.	69.27
1975-08-31	US2MVHW	UnitedHealth Group Inc.	66.9
1975-09-30	US2MVHW	UnitedHealth Group Inc.	63.72
1975-10-31	US2MVHW	UnitedHealth Group Inc.	64.37
1975-11-30	US2MVHW	UnitedHealth Group Inc.	65.57
1975-12-31	US2MVHW	UnitedHealth Group Inc.	62.79
1976-01-31	US2MVHW	UnitedHealth Group Inc.	63.42
1976-02-29	US2MVHW	UnitedHealth Group Inc.	69.23
1976-03-31	US2MVHW	UnitedHealth Group Inc.	64.69
1976-04-30	US2MVHW	UnitedHealth Group Inc.	66.62
1976-05-31	US2MVHW	UnitedHealth Group Inc.	67.38
1976-06-30	US2MVHW	UnitedHealth Group Inc.	70.5
1976-07-31	US2MVHW	UnitedHealth Group Inc.	67.52
1976-08-31	US2MVHW	UnitedHealth Group Inc.	66.5
1976-09-30	US2MVHW	UnitedHealth Group Inc.	65.64
1976-10-31	US2MVHW	UnitedHealth Group Inc.	66.09
1976-11-30	US2MVHW	UnitedHealth Group Inc.	68.37
1976-12-31	US2MVHW	UnitedHealth Group Inc.	70.48
1977-01-31	US2MVHW	UnitedHealth Group Inc.	68.93
1977-02-28	US2MVHW	UnitedHealth Group Inc.	68.27
1977-03-31	US2MVHW	UnitedHealth Group Inc.	62.45
1977-04-30	US2MVHW	UnitedHealth Group Inc.	62.45180562424366
1977-05-31	US2MVHW	UnitedHealth Group Inc.	63.69
1977-06-30	US2MVHW	UnitedHealth Group Inc.	63.37
1977-07-31	US2MVHW	UnitedHealth Group Inc.	64.85
1977-08-31	US2MVHW	UnitedHealth Group Inc.	62.81
1977-09-30	US2MVHW	UnitedHealth Group Inc.	65.31
1977-10-31	US2MVHW	UnitedHealth Group Inc.	61.532079625520005
1977-11-30	US2MVHW	UnitedHealth Group Inc.	63.85
1977-12-31	US2MVHW	UnitedHealth Group Inc.	67.35
1978-01-31	US2MVHW	UnitedHealth Group Inc.	71.02
1978-02-28	US2MVHW	UnitedHealth Group Inc.	72.62
1978-03-31	US2MVHW	UnitedHealth Group Inc.	77.91
1978-04-30	US2MVHW	UnitedHealth Group Inc.	74.28
1978-05-31	US2MVHW	UnitedHealth Group Inc.	80.02
1978-06-30	US2MVHW	UnitedHealth Group Inc.	70.89
1978-07-31	US2MVHW	UnitedHealth Group Inc.	70.42
1978-08-31	US2MVHW	UnitedHealth Group Inc.	74.56
1978-09-30	US2MVHW	UnitedHealth Group Inc.	73.66
1978-10-31	US2MVHW	UnitedHealth Group Inc.	74.28
1978-11-30	US2MVHW	UnitedHealth Group Inc.	68.41
1978-12-31	US2MVHW	UnitedHealth Group Inc.	67.52
1979-01-31	US2MVHW	UnitedHealth Group Inc.	66.24
1979-02-28	US2MVHW	UnitedHealth Group Inc.	61.49855328361496
1979-03-31	US2MVHW	UnitedHealth Group Inc.	62.79
1979-04-30	US2MVHW	UnitedHealth Group Inc.	66.03
1979-05-31	US2MVHW	UnitedHealth Group Inc.	67.83
1979-06-30	US2MVHW	UnitedHealth Group Inc.	65.79
1979-07-31	US2MVHW	UnitedHealth Group Inc.	69.27
1979-08-31	US2MVHW	UnitedHealth Group Inc.	77.56
1979-09-30	US2MVHW	UnitedHealth Group Inc.	78.77
1979-10-31	US2MVHW	UnitedHealth Group Inc.	82.01
1979-11-30	US2MVHW	UnitedHealth Group Inc.	81.46
1979-12-31	US2MVHW	UnitedHealth Group Inc.	83.17
1980-01-31	US2MVHW	UnitedHealth Group Inc.	83.47
1980-02-29	US2MVHW	UnitedHealth Group Inc.	76.69
1980-03-31	US2MVHW	UnitedHealth Group Inc.	78.15
1980-04-30	US2MVHW	UnitedHealth Group Inc.	73.47
1980-05-31	US2MVHW	UnitedHealth Group Inc.	76.72
1980-06-30	US2MVHW	UnitedHealth Group Inc.	75.49
1980-07-31	US2MVHW	UnitedHealth Group Inc.	79.57
1980-08-31	US2MVHW	UnitedHealth Group Inc.	81.49
1980-09-30	US2MVHW	UnitedHealth Group Inc.	82.04
1980-10-31	US2MVHW	UnitedHealth Group Inc.	79.64
1980-11-30	US2MVHW	UnitedHealth Group Inc.	81.58
1980-12-31	US2MVHW	UnitedHealth Group Inc.	79.06
1981-01-31	US2MVHW	UnitedHealth Group Inc.	81.85
1981-02-28	US2MVHW	UnitedHealth Group Inc.	79.56
1981-03-31	US2MVHW	UnitedHealth Group Inc.	87.69
1981-04-30	US2MVHW	UnitedHealth Group Inc.	86.71
1981-05-31	US2MVHW	UnitedHealth Group Inc.	88.88
1981-06-30	US2MVHW	UnitedHealth Group Inc.	86.59
1981-07-31	US2MVHW	UnitedHealth Group Inc.	82.38
1981-08-31	US2MVHW	UnitedHealth Group Inc.	83.76
1981-09-30	US2MVHW	UnitedHealth Group Inc.	84.21
1981-10-31	US2MVHW	UnitedHealth Group Inc.	74.96
1981-11-30	US2MVHW	UnitedHealth Group Inc.	80.48
1981-12-31	US2MVHW	UnitedHealth Group Inc.	84.98
1982-01-31	US2MVHW	UnitedHealth Group Inc.	84.5
1982-02-28	US2MVHW	UnitedHealth Group Inc.	79.59
1982-03-31	US2MVHW	UnitedHealth Group Inc.	83.89
1982-04-30	US2MVHW	UnitedHealth Group Inc.	90.62
1982-05-31	US2MVHW	UnitedHealth Group Inc.	93.42
1982-06-30	US2MVHW	UnitedHealth Group Inc.	93.35
1982-07-31	US2MVHW	UnitedHealth Group Inc.	92.54
1982-08-31	US2MVHW	UnitedHealth Group Inc.	95.56
1982-09-30	US2MVHW	UnitedHealth Group Inc.	91.0
1982-10-31	US2MVHW	UnitedHealth Group Inc.	85.57
1982-11-30	US2MVHW	UnitedHealth Group Inc.	84.56
1982-12-31	US2MVHW	UnitedHealth Group Inc.	89.67
1983-01-31	US2MVHW	UnitedHealth Group Inc.	95.9
1983-02-28	US2MVHW	UnitedHealth Group Inc.	91.72
1983-03-31	US2MVHW	UnitedHealth Group Inc.	92.73
1983-04-30	US2MVHW	UnitedHealth Group Inc.	89.39
1983-05-31	US2MVHW	UnitedHealth Group Inc.	86.81
1983-06-30	US2MVHW	UnitedHealth Group Inc.	87.7
1983-07-31	US2MVHW	UnitedHealth Group Inc.	91.43
1983-08-31	US2MVHW	UnitedHealth Group Inc.	96.57
1983-09-30	US2MVHW	UnitedHealth Group Inc.	101.82
1983-10-31	US2MVHW	UnitedHealth Group Inc.	100.1
1983-11-30	US2MVHW	UnitedHealth Group Inc.	102.15
1983-12-31	US2MVHW	UnitedHealth Group Inc.	95.1
1984-01-31	US2MVHW	UnitedHealth Group Inc.	94.68
1984-02-29	US2MVHW	UnitedHealth Group Inc.	96.41
1984-03-31	US2MVHW	UnitedHealth Group Inc.	98.54
1984-04-30	US2MVHW	UnitedHealth Group Inc.	99.42
1984-05-31	US2MVHW	UnitedHealth Group Inc.	101.42
1984-06-30	US2MVHW	UnitedHealth Group Inc.	101.53
1984-07-31	US2MVHW	UnitedHealth Group Inc.	109.15
1984-08-31	US2MVHW	UnitedHealth Group Inc.	108.39
1984-09-30	US2MVHW	UnitedHealth Group Inc.	112.89
1984-10-31	US2MVHW	UnitedHealth Group Inc.	121.12
1984-11-30	US2MVHW	UnitedHealth Group Inc.	118.68
1984-12-31	US2MVHW	UnitedHealth Group Inc.	124.28
1985-01-31	US2MVHW	UnitedHealth Group Inc.	125.06
1985-02-28	US2MVHW	UnitedHealth Group Inc.	127.15
1985-03-31	US2MVHW	UnitedHealth Group Inc.	122.16
1985-04-30	US2MVHW	UnitedHealth Group Inc.	119.41
1985-05-31	US2MVHW	UnitedHealth Group Inc.	119.64
1985-06-30	US2MVHW	UnitedHealth Group Inc.	118.76
1985-07-31	US2MVHW	UnitedHealth Group Inc.	117.49
1985-08-31	US2MVHW	UnitedHealth Group Inc.	124.78
1985-09-30	US2MVHW	UnitedHealth Group Inc.	128.68
1985-10-31	US2MVHW	UnitedHealth Group Inc.	129.17
1985-11-30	US2MVHW	UnitedHealth Group Inc.	125.87
1985-12-31	US2MVHW	UnitedHealth Group Inc.	125.59
1986-01-31	US2MVHW	UnitedHealth Group Inc.	128.12
1986-02-28	US2MVHW	UnitedHealth Group Inc.	125.34
1986-03-31	US2MVHW	UnitedHealth Group Inc.	125.62
1986-04-30	US2MVHW	UnitedHealth Group Inc.	134.76
1986-05-31	US2MVHW	UnitedHealth Group Inc.	134.06
1986-06-30	US2MVHW	UnitedHealth Group Inc.	129.4
1986-07-31	US2MVHW	UnitedHealth Group Inc.	131.86
1986-08-31	US2MVHW	UnitedHealth Group Inc.	130.62
1986-09-30	US2MVHW	UnitedHealth Group Inc.	132.92
1986-10-31	US2MVHW	UnitedHealth Group Inc.	130.02
1986-11-30	US2MVHW	UnitedHealth Group Inc.	134.23
1986-12-31	US2MVHW	UnitedHealth Group Inc.	131.51
1987-01-31	US2MVHW	UnitedHealth Group Inc.	136.17
1987-02-28	US2MVHW	UnitedHealth Group Inc.	133.42
1987-03-31	US2MVHW	UnitedHealth Group Inc.	139.26
1987-04-30	US2MVHW	UnitedHealth Group Inc.	137.89
1987-05-31	US2MVHW	UnitedHealth Group Inc.	141.94
1987-06-30	US2MVHW	UnitedHealth Group Inc.	142.0
1987-07-31	US2MVHW	UnitedHealth Group Inc.	145.33
1987-08-31	US2MVHW	UnitedHealth Group Inc.	144.47
1987-09-30	US2MVHW	UnitedHealth Group Inc.	139.22
1987-10-31	US2MVHW	UnitedHealth Group Inc.	138.04
1987-11-30	US2MVHW	UnitedHealth Group Inc.	134.77
1987-12-31	US2MVHW	UnitedHealth Group Inc.	140.99
1988-01-31	US2MVHW	UnitedHealth Group Inc.	145.92
1988-02-29	US2MVHW	UnitedHealth Group Inc.	143.68
1988-03-31	US2MVHW	UnitedHealth Group Inc.	147.39
1988-04-30	US2MVHW	UnitedHealth Group Inc.	151.57
1988-05-31	US2MVHW	UnitedHealth Group Inc.	152.15
1988-06-30	US2MVHW	UnitedHealth Group Inc.	149.36
1988-07-31	US2MVHW	UnitedHealth Group Inc.	152.61
1988-08-31	US2MVHW	UnitedHealth Group Inc.	149.64
1988-09-30	US2MVHW	UnitedHealth Group Inc.	149.19
1988-10-31	US2MVHW	UnitedHealth Group Inc.	149.06
1988-11-30	US2MVHW	UnitedHealth Group Inc.	144.76
1988-12-31	US2MVHW	UnitedHealth Group Inc.	139.58
1989-01-31	US2MVHW	UnitedHealth Group Inc.	137.84
1989-02-28	US2MVHW	UnitedHealth Group Inc.	132.73
1989-03-31	US2MVHW	UnitedHealth Group Inc.	127.67
1989-04-30	US2MVHW	UnitedHealth Group Inc.	127.56
1989-05-31	US2MVHW	UnitedHealth Group Inc.	126.41
1989-06-30	US2MVHW	UnitedHealth Group Inc.	127.09
1989-07-31	US2MVHW	UnitedHealth Group Inc.	123.92
1989-08-31	US2MVHW	UnitedHealth Group Inc.	123.25
1989-09-30	US2MVHW	UnitedHealth Group Inc.	117.62
1989-10-31	US2MVHW	UnitedHealth Group Inc.	123.49
1989-11-30	US2MVHW	UnitedHealth Group Inc.	122.57
1989-12-31	US2MVHW	UnitedHealth Group Inc.	117.46
1990-01-31	US2MVHW	UnitedHealth Group Inc.	121.1
1990-02-28	US2MVHW	UnitedHealth Group Inc.	121.36
1990-03-31	US2MVHW	UnitedHealth Group Inc.	121.28
1990-04-30	US2MVHW	UnitedHealth Group Inc.	128.52
1990-05-31	US2MVHW	UnitedHealth Group Inc.	126.69
1990-06-30	US2MVHW	UnitedHealth Group Inc.	129.02
1990-07-31	US2MVHW	UnitedHealth Group Inc.	133.94
1990-08-31	US2MVHW	UnitedHealth Group Inc.	143.09
1990-09-30	US2MVHW	UnitedHealth Group Inc.	146.69
1990-10-31	US2MVHW	UnitedHealth Group Inc.	145.74
1990-11-30	US2MVHW	UnitedHealth Group Inc.	151.08
1990-12-31	US2MVHW	UnitedHealth Group Inc.	149.76
1991-01-31	US2MVHW	UnitedHealth Group Inc.	147.97
1991-02-28	US2MVHW	UnitedHealth Group Inc.	151.89
1991-03-31	US2MVHW	UnitedHealth Group Inc.	152.58
1991-04-30	US2MVHW	UnitedHealth Group Inc.	153.8
1991-05-31	US2MVHW	UnitedHealth Group Inc.	145.89
1991-06-30	US2MVHW	UnitedHealth Group Inc.	142.59
1991-07-31	US2MVHW	UnitedHealth Group Inc.	138.62
1991-08-31	US2MVHW	UnitedHealth Group Inc.	146.64
1991-09-30	US2MVHW	UnitedHealth Group Inc.	143.92
1991-10-31	US2MVHW	UnitedHealth Group Inc.	144.75
1991-11-30	US2MVHW	UnitedHealth Group Inc.	140.95
1991-12-31	US2MVHW	UnitedHealth Group Inc.	142.49
1992-01-31	US2MVHW	UnitedHealth Group Inc.	145.34
1992-02-29	US2MVHW	UnitedHealth Group Inc.	145.06
1992-03-31	US2MVHW	UnitedHealth Group Inc.	154.36
1992-04-30	US2MVHW	UnitedHealth Group Inc.	150.05
1992-05-31	US2MVHW	UnitedHealth Group Inc.	152.18
1992-06-30	US2MVHW	UnitedHealth Group Inc.	150.52
1992-07-31	US2MVHW	UnitedHealth Group Inc.	145.11
1992-08-31	US2MVHW	UnitedHealth Group Inc.	143.67
1992-09-30	US2MVHW	UnitedHealth Group Inc.	141.89
1992-10-31	US2MVHW	UnitedHealth Group Inc.	151.12
1992-11-30	US2MVHW	UnitedHealth Group Inc.	150.19
1992-12-31	US2MVHW	UnitedHealth Group Inc.	153.06
1993-01-31	US2MVHW	UnitedHealth Group Inc.	157.68
1993-02-28	US2MVHW	UnitedHealth Group Inc.	154.16
1993-03-31	US2MVHW	UnitedHealth Group Inc.	159.54
1993-04-30	US2MVHW	UnitedHealth Group Inc.	164.34
1993-05-31	US2MVHW	UnitedHealth Group Inc.	158.16
1993-06-30	US2MVHW	UnitedHealth Group Inc.	156.67
1993-07-31	US2MVHW	UnitedHealth Group Inc.	155.72
1993-08-31	US2MVHW	UnitedHealth Group Inc.	153.56
1993-09-30	US2MVHW	UnitedHealth Group Inc.	152.87
1993-10-31	US2MVHW	UnitedHealth Group Inc.	150.58
1993-11-30	US2MVHW	UnitedHealth Group Inc.	151.64
1993-12-31	US2MVHW	UnitedHealth Group Inc.	150.0
1994-01-31	US2MVHW	UnitedHealth Group Inc.	141.22
1994-02-28	US2MVHW	UnitedHealth Group Inc.	137.54
1994-03-31	US2MVHW	UnitedHealth Group Inc.	135.79
1994-04-30	US2MVHW	UnitedHealth Group Inc.	134.33
1994-05-31	US2MVHW	UnitedHealth Group Inc.	131.72
1994-06-30	US2MVHW	UnitedHealth Group Inc.	128.59
1994-07-31	US2MVHW	UnitedHealth Group Inc.	132.81
1994-08-31	US2MVHW	UnitedHealth Group Inc.	137.24
1994-09-30	US2MVHW	UnitedHealth Group Inc.	138.51
1994-10-31	US2MVHW	UnitedHealth Group Inc.	143.07
1994-11-30	US2MVHW	UnitedHealth Group Inc.	145.19
1994-12-31	US2MVHW	UnitedHealth Group Inc.	144.17
1995-01-31	US2MVHW	UnitedHealth Group Inc.	147.67
1995-02-28	US2MVHW	UnitedHealth Group Inc.	141.47
1995-03-31	US2MVHW	UnitedHealth Group Inc.	145.43
1995-04-30	US2MVHW	UnitedHealth Group Inc.	146.42
1995-05-31	US2MVHW	UnitedHealth Group Inc.	154.78
1995-06-30	US2MVHW	UnitedHealth Group Inc.	153.44
1995-07-31	US2MVHW	UnitedHealth Group Inc.	157.19
1995-08-31	US2MVHW	UnitedHealth Group Inc.	152.92
1995-09-30	US2MVHW	UnitedHealth Group Inc.	153.79
1995-10-31	US2MVHW	UnitedHealth Group Inc.	153.09
1995-11-30	US2MVHW	UnitedHealth Group Inc.	155.13
1995-12-31	US2MVHW	UnitedHealth Group Inc.	153.25
1996-01-31	US2MVHW	UnitedHealth Group Inc.	151.49
1996-02-29	US2MVHW	UnitedHealth Group Inc.	155.75
1996-03-31	US2MVHW	UnitedHealth Group Inc.	153.42
1996-04-30	US2MVHW	UnitedHealth Group Inc.	151.35
1996-05-31	US2MVHW	UnitedHealth Group Inc.	151.9
1996-06-30	US2MVHW	UnitedHealth Group Inc.	156.41
1996-07-31	US2MVHW	UnitedHealth Group Inc.	155.85
1996-08-31	US2MVHW	UnitedHealth Group Inc.	163.51
1996-09-30	US2MVHW	UnitedHealth Group Inc.	168.72
1996-10-31	US2MVHW	UnitedHealth Group Inc.	168.66
1996-11-30	US2MVHW	UnitedHealth Group Inc.	163.32
1996-12-31	US2MVHW	UnitedHealth Group Inc.	162.96
1997-01-31	US2MVHW	UnitedHealth Group Inc.	166.95
1997-02-28	US2MVHW	UnitedHealth Group Inc.	170.53
1997-03-31	US2MVHW	UnitedHealth Group Inc.	166.07
1997-04-30	US2MVHW	UnitedHealth Group Inc.	171.56
1997-05-31	US2MVHW	UnitedHealth Group Inc.	179.6
1997-06-30	US2MVHW	UnitedHealth Group Inc.	171.55
1997-07-31	US2MVHW	UnitedHealth Group Inc.	173.55
1997-08-31	US2MVHW	UnitedHealth Group Inc.	171.97
1997-09-30	US2MVHW	UnitedHealth Group Inc.	173.19
1997-10-31	US2MVHW	UnitedHealth Group Inc.	174.71
1997-11-30	US2MVHW	UnitedHealth Group Inc.	173.33
1997-12-31	US2MVHW	UnitedHealth Group Inc.	174.16
1998-01-31	US2MVHW	UnitedHealth Group Inc.	180.44
1998-02-28	US2MVHW	UnitedHealth Group Inc.	179.21
1998-03-31	US2MVHW	UnitedHealth Group Inc.	170.89
1998-04-30	US2MVHW	UnitedHealth Group Inc.	163.45
1998-05-31	US2MVHW	UnitedHealth Group Inc.	162.19
1998-06-30	US2MVHW	UnitedHealth Group Inc.	165.44
1998-07-31	US2MVHW	UnitedHealth Group Inc.	161.79
1998-08-31	US2MVHW	UnitedHealth Group Inc.	161.25
1998-09-30	US2MVHW	UnitedHealth Group Inc.	159.88
1998-10-31	US2MVHW	UnitedHealth Group Inc.	164.17
1998-11-30	US2MVHW	UnitedHealth Group Inc.	163.52
1998-12-31	US2MVHW	UnitedHealth Group Inc.	165.05
1999-01-31	US2MVHW	UnitedHealth Group Inc.	163.46
1999-02-28	US2MVHW	UnitedHealth Group Inc.	161.69
1999-03-31	US2MVHW	UnitedHealth Group Inc.	167.9
1999-04-30	US2MVHW	UnitedHealth Group Inc.	165.84
1999-05-31	US2MVHW	UnitedHealth Group Inc.	157.76
1999-06-30	US2MVHW	UnitedHealth Group Inc.	160.48
1999-07-31	US2MVHW	UnitedHealth Group Inc.	164.41
1999-08-31	US2MVHW	UnitedHealth Group Inc.	156.61
1999-09-30	US2MVHW	UnitedHealth Group Inc.	161.63
1999-10-31	US2MVHW	UnitedHealth Group Inc.	161.73
1999-11-30	US2MVHW	UnitedHealth Group Inc.	162.96
1999-12-31	US2MVHW	UnitedHealth Group Inc.	163.57
2000-01-31	US2MVHW	UnitedHealth Group Inc.	159.15
2000-02-29	US2MVHW	UnitedHealth Group Inc.	164.62
2000-03-31	US2MVHW	UnitedHealth Group Inc.	165.12
2000-04-30	US2MVHW	UnitedHealth Group Inc.	165.44
2000-05-31	US2MVHW	UnitedHealth Group Inc.	158.14
2000-06-30	US2MVHW	UnitedHealth Group Inc.	152.15
2000-07-31	US2MVHW	UnitedHealth Group Inc.	152.61
2000-08-31	US2MVHW	UnitedHealth Group Inc.	156.78
2000-09-30	US2MVHW	UnitedHealth Group Inc.	156.89
2000-10-31	US2MVHW	UnitedHealth Group Inc.	149.78
2000-11-30	US2MVHW	UnitedHealth Group Inc.	147.91
2000-12-31	US2MVHW	UnitedHealth Group Inc.	147.03
2001-01-31	US2MVHW	UnitedHealth Group Inc.	145.48
2001-02-28	US2MVHW	UnitedHealth Group Inc.	137.55
2001-03-31	US2MVHW	UnitedHealth Group Inc.	141.49
2001-04-30	US2MVHW	UnitedHealth Group Inc.	148.04
2001-05-31	US2MVHW	UnitedHealth Group Inc.	147.12
2001-06-30	US2MVHW	UnitedHealth Group Inc.	146.57
2001-07-31	US2MVHW	UnitedHealth Group Inc.	146.17
2001-08-31	US2MVHW	UnitedHealth Group Inc.	152.26
2001-09-30	US2MVHW	UnitedHealth Group Inc.	156.24
2001-10-31	US2MVHW	UnitedHealth Group Inc.	157.06
2001-11-30	US2MVHW	UnitedHealth Group Inc.	156.66
2001-12-31	US2MVHW	UnitedHealth Group Inc.	159.64
2002-01-31	US2MVHW	UnitedHealth Group Inc.	165.46
2002-02-28	US2MVHW	UnitedHealth Group Inc.	167.52
2002-03-31	US2MVHW	UnitedHealth Group Inc.	171.18
2002-04-30	US2MVHW	UnitedHealth Group Inc.	169.44
2002-05-31	US2MVHW	UnitedHealth Group Inc.	172.43
2002-06-30	US2MVHW	UnitedHealth Group Inc.	168.83
2002-07-31	US2MVHW	UnitedHealth Group Inc.	165.71
2002-08-31	US2MVHW	UnitedHealth Group Inc.	169.06
2002-09-30	US2MVHW	UnitedHealth Group Inc.	168.16
2002-10-31	US2MVHW	UnitedHealth Group Inc.	170.6
2002-11-30	US2MVHW	UnitedHealth Group Inc.	169.07
2002-12-31	US2MVHW	UnitedHealth Group Inc.	164.5
2003-01-31	US2MVHW	UnitedHealth Group Inc.	165.68
2003-02-28	US2MVHW	UnitedHealth Group Inc.	157.52
2003-03-31	US2MVHW	UnitedHealth Group Inc.	156.73
2003-04-30	US2MVHW	UnitedHealth Group Inc.	155.83
2003-05-31	US2MVHW	UnitedHealth Group Inc.	153.65
2003-06-30	US2MVHW	UnitedHealth Group Inc.	157.41
2003-07-31	US2MVHW	UnitedHealth Group Inc.	157.27
2003-08-31	US2MVHW	UnitedHealth Group Inc.	158.08
2003-09-30	US2MVHW	UnitedHealth Group Inc.	155.72
2003-10-31	US2MVHW	UnitedHealth Group Inc.	153.46
2003-11-30	US2MVHW	UnitedHealth Group Inc.	152.4
2003-12-31	US2MVHW	UnitedHealth Group Inc.	150.82
2004-01-31	US2MVHW	UnitedHealth Group Inc.	157.95
2004-02-29	US2MVHW	UnitedHealth Group Inc.	157.3
2004-03-31	US2MVHW	UnitedHealth Group Inc.	160.58
2004-04-30	US2MVHW	UnitedHealth Group Inc.	161.38
2004-05-31	US2MVHW	UnitedHealth Group Inc.	158.97
2004-06-30	US2MVHW	UnitedHealth Group Inc.	157.87
2004-07-31	US2MVHW	UnitedHealth Group Inc.	157.06
2004-08-31	US2MVHW	UnitedHealth Group Inc.	149.06
2004-09-30	US2MVHW	UnitedHealth Group Inc.	153.53
2004-10-31	US2MVHW	UnitedHealth Group Inc.	153.78
2004-11-30	US2MVHW	UnitedHealth Group Inc.	158.87
2004-12-31	US2MVHW	UnitedHealth Group Inc.	160.19
2005-01-31	US2MVHW	UnitedHealth Group Inc.	160.74
2005-02-28	US2MVHW	UnitedHealth Group Inc.	158.75
2005-03-31	US2MVHW	UnitedHealth Group Inc.	162.14
2005-04-30	US2MVHW	UnitedHealth Group Inc.	161.79
2005-05-31	US2MVHW	UnitedHealth Group Inc.	160.03
2005-06-30	US2MVHW	UnitedHealth Group Inc.	158.6
2005-07-31	US2MVHW	UnitedHealth Group Inc.	165.37
2005-08-31	US2MVHW	UnitedHealth Group Inc.	166.98
2005-09-30	US2MVHW	UnitedHealth Group Inc.	162.88
2005-10-31	US2MVHW	UnitedHealth Group Inc.	156.38
2005-11-30	US2MVHW	UnitedHealth Group Inc.	157.25
2005-12-31	US2MVHW	UnitedHealth Group Inc.	157.32
2006-01-31	US2MVHW	UnitedHealth Group Inc.	156.36
2006-02-28	US2MVHW	UnitedHealth Group Inc.	161.82
2006-03-31	US2MVHW	UnitedHealth Group Inc.	163.82
2006-04-30	US2MVHW	UnitedHealth Group Inc.	161.28
2006-05-31	US2MVHW	UnitedHealth Group Inc.	156.72
2006-06-30	US2MVHW	UnitedHealth Group Inc.	158.43
2006-07-31	US2MVHW	UnitedHealth Group Inc.	163.26
2006-08-31	US2MVHW	UnitedHealth Group Inc.	161.49
2006-09-30	US2MVHW	UnitedHealth Group Inc.	158.58
2006-10-31	US2MVHW	UnitedHealth Group Inc.	156.64
2006-11-30	US2MVHW	UnitedHealth Group Inc.	153.76
2006-12-31	US2MVHW	UnitedHealth Group Inc.	155.62
2007-01-31	US2MVHW	UnitedHealth Group Inc.	158.68
2007-02-28	US2MVHW	UnitedHealth Group Inc.	157.26
2007-03-31	US2MVHW	UnitedHealth Group Inc.	150.46
2007-04-30	US2MVHW	UnitedHealth Group Inc.	151.52
2007-05-31	US2MVHW	UnitedHealth Group Inc.	153.56
2007-06-30	US2MVHW	UnitedHealth Group Inc.	157.77
2007-07-31	US2MVHW	UnitedHealth Group Inc.	154.11
2007-08-31	US2MVHW	UnitedHealth Group Inc.	155.69
2007-09-30	US2MVHW	UnitedHealth Group Inc.	158.14
2007-10-31	US2MVHW	UnitedHealth Group Inc.	165.37
2007-11-30	US2MVHW	UnitedHealth Group Inc.	162.26
2007-12-31	US2MVHW	UnitedHealth Group Inc.	162.8
2008-01-31	US2MVHW	UnitedHealth Group Inc.	162.56
2008-02-29	US2MVHW	UnitedHealth Group Inc.	162.77
2008-03-31	US2MVHW	UnitedHealth Group Inc.	167.87
2008-04-30	US2MVHW	UnitedHealth Group Inc.	170.24
2008-05-31	US2MVHW	UnitedHealth Group Inc.	164.46
2008-06-30	US2MVHW	UnitedHealth Group Inc.	171.3
2008-07-31	US2MVHW	UnitedHealth Group Inc.	170.95
2008-08-31	US2MVHW	UnitedHealth Group Inc.	172.98
2008-09-30	US2MVHW	UnitedHealth Group Inc.	169.12
2008-10-31	US2MVHW	UnitedHealth Group Inc.	162.47
2008-11-30	US2MVHW	UnitedHealth Group Inc.	158.85
2008-12-31	US2MVHW	UnitedHealth Group Inc.	159.9
2009-01-31	US2MVHW	UnitedHealth Group Inc.	157.23
2009-02-28	US2MVHW	UnitedHealth Group Inc.	160.65
2009-03-31	US2MVHW	UnitedHealth Group Inc.	157.79
2009-04-30	US2MVHW	UnitedHealth Group Inc.	161.01
2009-05-31	US2MVHW	UnitedHealth Group Inc.	165.91
2009-06-30	US2MVHW	UnitedHealth Group Inc.	167.74
2009-07-31	US2MVHW	UnitedHealth Group Inc.	177.16
2009-08-31	US2MVHW	UnitedHealth Group Inc.	177.28
2009-09-30	US2MVHW	UnitedHealth Group Inc.	177.9
2009-10-31	US2MVHW	UnitedHealth Group Inc.	183.71
2009-11-30	US2MVHW	UnitedHealth Group Inc.	182.84
2009-12-31	US2MVHW	UnitedHealth Group Inc.	179.12
2010-01-31	US2MVHW	UnitedHealth Group Inc.	175.88
2010-02-28	US2MVHW	UnitedHealth Group Inc.	181.15
2010-03-31	US2MVHW	UnitedHealth Group Inc.	178.18
2010-04-30	US2MVHW	UnitedHealth Group Inc.	181.24
2010-05-31	US2MVHW	UnitedHealth Group Inc.	175.55
2010-06-30	US2MVHW	UnitedHealth Group Inc.	177.31
2010-07-31	US2MVHW	UnitedHealth Group Inc.	181.42
2010-08-31	US2MVHW	UnitedHealth Group Inc.	187.54
2010-09-30	US2MVHW	UnitedHealth Group Inc.	190.73
2010-10-31	US2MVHW	UnitedHealth Group Inc.	196.69
2010-11-30	US2MVHW	UnitedHealth Group Inc.	196.95
2010-12-31	US2MVHW	UnitedHealth Group Inc.	191.07
2011-01-31	US2MVHW	UnitedHealth Group Inc.	182.1
2011-02-28	US2MVHW	UnitedHealth Group Inc.	181.13
2011-03-31	US2MVHW	UnitedHealth Group Inc.	182.58
2011-04-30	US2MVHW	UnitedHealth Group Inc.	189.53
2011-05-31	US2MVHW	UnitedHealth Group Inc.	189.73
2011-06-30	US2MVHW	UnitedHealth Group Inc.	190.33
2011-07-31	US2MVHW	UnitedHealth Group Inc.	186.42
2011-08-31	US2MVHW	UnitedHealth Group Inc.	192.2
2011-09-30	US2MVHW	UnitedHealth Group Inc.	188.22
2011-10-31	US2MVHW	UnitedHealth Group Inc.	186.98
2011-11-30	US2MVHW	UnitedHealth Group Inc.	186.54
2011-12-31	US2MVHW	UnitedHealth Group Inc.	188.03
2012-01-31	US2MVHW	UnitedHealth Group Inc.	193.17
2012-02-29	US2MVHW	UnitedHealth Group Inc.	192.98
2012-03-31	US2MVHW	UnitedHealth Group Inc.	201.76
2012-04-30	US2MVHW	UnitedHealth Group Inc.	200.92
2012-05-31	US2MVHW	UnitedHealth Group Inc.	200.8
2012-06-30	US2MVHW	UnitedHealth Group Inc.	195.09
2012-07-31	US2MVHW	UnitedHealth Group Inc.	201.92
2012-08-31	US2MVHW	UnitedHealth Group Inc.	207.74
2012-09-30	US2MVHW	UnitedHealth Group Inc.	208.76
2012-10-31	US2MVHW	UnitedHealth Group Inc.	200.98
2012-11-30	US2MVHW	UnitedHealth Group Inc.	201.9
2012-12-31	US2MVHW	UnitedHealth Group Inc.	203.36
2013-01-31	US2MVHW	UnitedHealth Group Inc.	199.63
2013-02-28	US2MVHW	UnitedHealth Group Inc.	195.47
2013-03-31	US2MVHW	UnitedHealth Group Inc.	199.19
2013-04-30	US2MVHW	UnitedHealth Group Inc.	206.29
2013-05-31	US2MVHW	UnitedHealth Group Inc.	211.26
2013-06-30	US2MVHW	UnitedHealth Group Inc.	208.66
2013-07-31	US2MVHW	UnitedHealth Group Inc.	212.99
2013-08-31	US2MVHW	UnitedHealth Group Inc.	207.43
2013-09-30	US2MVHW	UnitedHealth Group Inc.	204.58
2013-10-31	US2MVHW	UnitedHealth Group Inc.	207.59
2013-11-30	US2MVHW	UnitedHealth Group Inc.	205.54
2013-12-31	US2MVHW	UnitedHealth Group Inc.	206.95
2014-01-31	US2MVHW	UnitedHealth Group Inc.	204.03
2014-02-28	US2MVHW	UnitedHealth Group Inc.	200.88
2014-03-31	US2MVHW	UnitedHealth Group Inc.	203.37
2014-04-30	US2MVHW	UnitedHealth Group Inc.	205.31
2014-05-31	US2MVHW	UnitedHealth Group Inc.	206.87
2014-06-30	US2MVHW	UnitedHealth Group Inc.	202.05
2014-07-31	US2MVHW	UnitedHealth Group Inc.	201.71
2014-08-31	US2MVHW	UnitedHealth Group Inc.	198.22
2014-09-30	US2MVHW	UnitedHealth Group Inc.	192.75
2014-10-31	US2MVHW	UnitedHealth Group Inc.	189.92
2014-11-30	US2MVHW	UnitedHealth Group Inc.	185.9
2014-12-31	US2MVHW	UnitedHealth Group Inc.	185.26
2015-01-31	US2MVHW	UnitedHealth Group Inc.	186.22
2015-02-28	US2MVHW	UnitedHealth Group Inc.	185.07
2015-03-31	US2MVHW	UnitedHealth Group Inc.	180.69
2015-04-30	US2MVHW	UnitedHealth Group Inc.	177.06
2015-05-31	US2MVHW	UnitedHealth Group Inc.	177.16
2015-06-30	US2MVHW	UnitedHealth Group Inc.	174.4
2015-07-31	US2MVHW	UnitedHealth Group Inc.	167.22
2015-08-31	US2MVHW	UnitedHealth Group Inc.	161.33
2015-09-30	US2MVHW	UnitedHealth Group Inc.	158.87
2015-10-31	US2MVHW	UnitedHealth Group Inc.	161.58
2015-11-30	US2MVHW	UnitedHealth Group Inc.	159.67
2015-12-31	US2MVHW	UnitedHealth Group Inc.	160.13
2016-01-31	US2MVHW	UnitedHealth Group Inc.	158.54
2016-02-29	US2MVHW	UnitedHealth Group Inc.	160.31
2016-03-31	US2MVHW	UnitedHealth Group Inc.	157.77
2016-04-30	US2MVHW	UnitedHealth Group Inc.	157.55
2016-05-31	US2MVHW	UnitedHealth Group Inc.	162.86
2016-06-30	US2MVHW	UnitedHealth Group Inc.	162.82
2016-07-31	US2MVHW	UnitedHealth Group Inc.	157.12
2016-08-31	US2MVHW	UnitedHealth Group Inc.	163.64
2016-09-30	US2MVHW	UnitedHealth Group Inc.	172.78
2016-10-31	US2MVHW	UnitedHealth Group Inc.	174.66
2016-11-30	US2MVHW	UnitedHealth Group Inc.	172.9
2016-12-31	US2MVHW	UnitedHealth Group Inc.	167.5
2017-01-31	US2MVHW	UnitedHealth Group Inc.	166.67
2017-02-28	US2MVHW	UnitedHealth Group Inc.	165.86
2017-03-31	US2MVHW	UnitedHealth Group Inc.	164.1
2017-04-30	US2MVHW	UnitedHealth Group Inc.	157.03
2017-05-31	US2MVHW	UnitedHealth Group Inc.	150.39
2017-06-30	US2MVHW	UnitedHealth Group Inc.	151.01
2017-07-31	US2MVHW	UnitedHealth Group Inc.	155.88
2017-08-31	US2MVHW	UnitedHealth Group Inc.	153.05
2017-09-30	US2MVHW	UnitedHealth Group Inc.	150.69
2017-10-31	US2MVHW	UnitedHealth Group Inc.	149.93
2017-11-30	US2MVHW	UnitedHealth Group Inc.	151.32
2017-12-31	US2MVHW	UnitedHealth Group Inc.	145.65
2018-01-31	US2MVHW	UnitedHealth Group Inc.	141.43
2018-02-28	US2MVHW	UnitedHealth Group Inc.	141.5
2018-03-31	US2MVHW	UnitedHealth Group Inc.	147.66
2018-04-30	US2MVHW	UnitedHealth Group Inc.	144.47
2018-05-31	US2MVHW	UnitedHealth Group Inc.	139.03
2018-06-30	US2MVHW	UnitedHealth Group Inc.	141.08
2018-07-31	US2MVHW	UnitedHealth Group Inc.	143.39
2018-08-31	US2MVHW	UnitedHealth Group Inc.	138.9
2018-09-30	US2MVHW	UnitedHealth Group Inc.	144.66
2018-10-31	US2MVHW	UnitedHealth Group Inc.	139.55
2018-11-30	US2MVHW	UnitedHealth Group Inc.	134.36
2018-12-31	US2MVHW	UnitedHealth Group Inc.	132.9
2019-01-31	US2MVHW	UnitedHealth Group Inc.	134.61
2019-02-28	US2MVHW	UnitedHealth Group Inc.	136.21
2019-03-31	US2MVHW	UnitedHealth Group Inc.	138.17
2019-04-30	US2MVHW	UnitedHealth Group Inc.	141.21
2019-05-31	US2MVHW	UnitedHealth Group Inc.	136.31
2019-06-30	US2MVHW	UnitedHealth Group Inc.	136.19
2019-07-31	US2MVHW	UnitedHealth Group Inc.	140.58
2019-08-31	US2MVHW	UnitedHealth Group Inc.	133.76
2019-09-30	US2MVHW	UnitedHealth Group Inc.	134.81
2019-10-31	US2MVHW	UnitedHealth Group Inc.	137.5
2019-11-30	US2MVHW	UnitedHealth Group Inc.	144.55
2019-12-31	US2MVHW	UnitedHealth Group Inc.	140.98
2020-01-31	US2MVHW	UnitedHealth Group Inc.	144.74
2020-02-29	US2MVHW	UnitedHealth Group Inc.	147.25
2020-03-31	US2MVHW	UnitedHealth Group Inc.	149.1
2020-04-30	US2MVHW	UnitedHealth Group Inc.	148.26
2020-05-31	US2MVHW	UnitedHealth Group Inc.	153.91
2020-06-30	US2MVHW	UnitedHealth Group Inc.	155.87
2020-07-31	US2MVHW	UnitedHealth Group Inc.	152.27
2020-08-31	US2MVHW	UnitedHealth Group Inc.	155.38
2020-09-30	US2MVHW	UnitedHealth Group Inc.	160.1
2020-10-31	US2MVHW	UnitedHealth Group Inc.	158.98
2020-11-30	US2MVHW	UnitedHealth Group Inc.	158.74
2020-12-31	US2MVHW	UnitedHealth Group Inc.	157.8
2021-01-31	US2MVHW	UnitedHealth Group Inc.	156.42
2021-02-28	US2MVHW	UnitedHealth Group Inc.	156.13
2021-03-31	US2MVHW	UnitedHealth Group Inc.	156.1
2021-04-30	US2MVHW	UnitedHealth Group Inc.	153.47
2021-05-31	US2MVHW	UnitedHealth Group Inc.	146.4
2021-06-30	US2MVHW	UnitedHealth Group Inc.	140.42
2021-07-31	US2MVHW	UnitedHealth Group Inc.	140.66
2021-08-31	US2MVHW	UnitedHealth Group Inc.	137.18
2021-09-30	US2MVHW	UnitedHealth Group Inc.	144.11
2021-10-31	US2MVHW	UnitedHealth Group Inc.	142.2
2021-11-30	US2MVHW	UnitedHealth Group Inc.	139.99
2021-12-31	US2MVHW	UnitedHealth Group Inc.	141.1
2022-01-31	US2MVHW	UnitedHealth Group Inc.	133.35
2022-02-28	US2MVHW	UnitedHealth Group Inc.	132.07
2022-03-31	US2MVHW	UnitedHealth Group Inc.	134.64
2022-04-30	US2MVHW	UnitedHealth Group Inc.	135.55
2022-05-31	US2MVHW	UnitedHealth Group Inc.	140.24
2022-06-30	US2MVHW	UnitedHealth Group Inc.	139.02
2022-07-31	US2MVHW	UnitedHealth Group Inc.	137.59
2022-08-31	US2MVHW	UnitedHealth Group Inc.	136.65
2022-09-30	US2MVHW	UnitedHealth Group Inc.	130.3
2022-10-31	US2MVHW	UnitedHealth Group Inc.	131.01
2022-11-30	US2MVHW	UnitedHealth Group Inc.	131.01
2022-12-31	US2MVHW	UnitedHealth Group Inc.	128.1
2023-01-31	US2MVHW	UnitedHealth Group Inc.	124.45
2023-02-28	US2MVHW	UnitedHealth Group Inc.	121.69
2023-03-31	US2MVHW	UnitedHealth Group Inc.	114.61
2023-04-30	US2MVHW	UnitedHealth Group Inc.	120.13
2023-05-31	US2MVHW	UnitedHealth Group Inc.	120.99
2023-06-30	US2MVHW	UnitedHealth Group Inc.	122.29
2023-07-31	US2MVHW	UnitedHealth Group Inc.	131.66
2023-08-31	US2MVHW	UnitedHealth Group Inc.	132.61
2023-09-30	US2MVHW	UnitedHealth Group Inc.	129.21
2023-10-31	US2MVHW	UnitedHealth Group Inc.	128.78
2023-11-30	US2MVHW	UnitedHealth Group Inc.	131.7
2023-12-31	US2MVHW	UnitedHealth Group Inc.	129.51
2024-01-31	US2MVHW	UnitedHealth Group Inc.	129.3
2024-02-29	US2MVHW	UnitedHealth Group Inc.	128.9
2024-03-31	US2MVHW	UnitedHealth Group Inc.	131.85
2024-04-30	US2MVHW	UnitedHealth Group Inc.	136.49
2024-05-31	US2MVHW	UnitedHealth Group Inc.	135.03
2024-06-30	US2MVHW	UnitedHealth Group Inc.	132.02
2024-07-31	US2MVHW	UnitedHealth Group Inc.	131.28
2024-08-31	US2MVHW	UnitedHealth Group Inc.	122.96
2024-09-30	US2MVHW	UnitedHealth Group Inc.	124.14
2024-10-31	US2MVHW	UnitedHealth Group Inc.	128.55
2024-11-30	US2MVHW	UnitedHealth Group Inc.	124.9
2024-12-31	US2MVHW	UnitedHealth Group Inc.	126.86
2025-01-31	US2MVHW	UnitedHealth Group Inc.	128.25
2025-02-28	US2MVHW	UnitedHealth Group Inc.	128.75
2025-03-31	US2MVHW	UnitedHealth Group Inc.	134.68
2025-04-30	US2MVHW	UnitedHealth Group Inc.	135.4
2025-05-31	US2MVHW	UnitedHealth Group Inc.	138.51
2025-06-30	US2MVHW	UnitedHealth Group Inc.	139.88
2025-07-31	US2MVHW	UnitedHealth Group Inc.	136.3
2025-08-31	US2MVHW	UnitedHealth Group Inc.	138.92
2025-09-30	US2MVHW	UnitedHealth Group Inc.	136.28
2025-10-31	US2MVHW	UnitedHealth Group Inc.	130.96
2025-11-30	US2MVHW	UnitedHealth Group Inc.	135.07
2025-12-31	US2MVHW	UnitedHealth Group Inc.	135.31
2026-01-31	US2MVHW	UnitedHealth Group Inc.	136.15
2026-02-28	US2MVHW	UnitedHealth Group Inc.	131.28
2026-03-31	US2MVHW	UnitedHealth Group Inc.	134.84
2026-04-30	US2MVHW	UnitedHealth Group Inc.	139.72
2026-05-31	US2MVHW	UnitedHealth Group Inc.	140.0
2026-06-30	US2MVHW	UnitedHealth Group Inc.	145.08
2026-07-31	US2MVHW	UnitedHealth Group Inc.	135.43
2026-08-31	US2MVHW	UnitedHealth Group Inc.	128.59
2026-09-30	US2MVHW	UnitedHealth Group Inc.	128.96
2026-10-31	US2MVHW	UnitedHealth Group Inc.	123.8
2026-11-30	US2MVHW	UnitedHealth Group Inc.	118.07
2026-12-31	US2MVHW	UnitedHealth Group Inc.	120.56
2027-01-31	US2MVHW	UnitedHealth Group Inc.	118.4
2027-02-28	US2MVHW	UnitedHealth Group Inc.	119.43
2027-03-31	US2MVHW	UnitedHealth Group Inc.	119.61
2027-04-30	US2MVHW	UnitedHealth Group Inc.	120.32
2027-05-31	US2MVHW	UnitedHealth Group Inc.	118.41
2027-06-30	US2MVHW	UnitedHealth Group Inc.	123.13
2027-07-31	US2MVHW	UnitedHealth Group Inc.	123.31
2027-08-31	US2MVHW	UnitedHealth Group Inc.	121.71
2027-09-30	US2MVHW	UnitedHealth Group Inc.	127.97
2027-10-31	US2MVHW	UnitedHealth Group Inc.	129.03
2027-11-30	US2MVHW	UnitedHealth Group Inc.	126.03
2027-12-31	US2MVHW	UnitedHealth Group Inc.	127.25
2028-01-31	US2MVHW	UnitedHealth Group Inc.	129.37
2028-02-29	US2MVHW	UnitedHealth Group Inc.	132.18
2028-03-31	US2MVHW	UnitedHealth Group Inc.	132.82
2028-04-30	US2MVHW	UnitedHealth Group Inc.	139.38
2028-05-31	US2MVHW	UnitedHealth Group Inc.	132.3
2028-06-30	US2MVHW	UnitedHealth Group Inc.	127.27
2028-07-31	US2MVHW	UnitedHealth Group Inc.	133.45
2028-08-31	US2MVHW	UnitedHealth Group Inc.	135.75
2028-09-30	US2MVHW	UnitedHealth Group Inc.	137.53
2028-10-31	US2MVHW	UnitedHealth Group Inc.	142.01
2028-11-30	US2MVHW	UnitedHealth Group Inc.	146.85
2028-12-31	US2MVHW	UnitedHealth Group Inc.	147.03
2029-01-31	US2MVHW	UnitedHealth Group Inc.	147.92
2029-02-28	US2MVHW	UnitedHealth Group Inc.	141.69
2029-03-31	US2MVHW	UnitedHealth Group Inc.	146.22
2029-04-30	US2MVHW	UnitedHealth Group Inc.	149.47
2029-05-31	US2MVHW	UnitedHealth Group Inc.	150.66
2029-06-30	US2MVHW	UnitedHealth Group Inc.	153.17
2029-07-31	US2MVHW	UnitedHealth Group Inc.	151.12
2029-08-31	US2MVHW	UnitedHealth Group Inc.	157.55
2029-09-30	US2MVHW	UnitedHealth Group Inc.	159.92
2029-10-31	US2MVHW	UnitedHealth Group Inc.	158.34
2029-11-30	US2MVHW	UnitedHealth Group Inc.	158.65
2029-12-31	US2MVHW	UnitedHealth Group Inc.	161.46
2030-01-31	US2MVHW	UnitedHealth Group Inc.	154.77
2030-02-28	US2MVHW	UnitedHealth Group Inc.	158.92
2030-03-31	US2MVHW	UnitedHealth Group Inc.	156.44
2030-04-30	US2MVHW	UnitedHealth Group Inc.	157.9
2030-05-31	US2MVHW	UnitedHealth Group Inc.	157.22
2030-06-30	US2MVHW	UnitedHealth Group Inc.	153.65
2030-07-31	US2MVHW	UnitedHealth Group Inc.	153.12
2030-08-31	US2MVHW	UnitedHealth Group Inc.	149.84
2030-09-30	US2MVHW	UnitedHealth Group Inc.	149.85
2030-10-31	US2MVHW	UnitedHealth Group Inc.	150.06
2030-11-30	US2MVHW	UnitedHealth Group Inc.	146.94
2030-12-31	US2MVHW	UnitedHealth Group Inc.	150.8
